unique_id,indicator_id,name,measure,geo_type_name,geo_join_id,geo_place_name,time_period,start_date,data_value,measure_unit,year,indicator_name,location,season
628611,651,Cardiovascular hospitalizations due to PM2.5 (age 40+),Estimated annual rate,UHF42,403.0,Flushing - Clearview,2015-2017,2015-01-01,12.8,"per 100,000 adults",2015,Cardiovascular hospitalizations due to PM2.5 (age 40+),Flushing - Clearview,
518862,651,Cardiovascular hospitalizations due to PM2.5 (age 40+),Estimated annual rate,UHF42,305.0,Upper East Side,2012-2014,2012-01-02,9.2,"per 100,000 adults",2012,Cardiovascular hospitalizations due to PM2.5 (age 40+),Upper East Side,
518837,651,Cardiovascular hospitalizations due to PM2.5 (age 40+),Estimated annual rate,Borough,3.0,Manhattan,2012-2014,2012-01-02,12.3,"per 100,000 adults",2012,Cardiovascular hospitalizations due to PM2.5 (age 40+),Manhattan,
518866,651,Cardiovascular hospitalizations due to PM2.5 (age 40+),Estimated annual rate,UHF42,309.0,Union Square - Lower East Side,2012-2014,2012-01-02,12.7,"per 100,000 adults",2012,Cardiovascular hospitalizations due to PM2.5 (age 40+),Union Square - Lower East Side,
628586,651,Cardiovascular hospitalizations due to PM2.5 (age 40+),Estimated annual rate,UHF42,106.0,High Bridge - Morrisania,2015-2017,2015-01-01,23.5,"per 100,000 adults",2015,Cardiovascular hospitalizations due to PM2.5 (age 40+),High Bridge - Morrisania,
518876,651,Cardiovascular hospitalizations due to PM2.5 (age 40+),Estimated annual rate,UHF42,409.0,Southeast Queens,2012-2014,2012-01-02,11.2,"per 100,000 adults",2012,Cardiovascular hospitalizations due to PM2.5 (age 40+),Southeast Queens,
628617,651,Cardiovascular hospitalizations due to PM2.5 (age 40+),Estimated annual rate,UHF42,409.0,Southeast Queens,2015-2017,2015-01-01,17.3,"per 100,000 adults",2015,Cardiovascular hospitalizations due to PM2.5 (age 40+),Southeast Queens,
518859,651,Cardiovascular hospitalizations due to PM2.5 (age 40+),Estimated annual rate,UHF42,302.0,Central Harlem - Morningside Heights,2012-2014,2012-01-02,16.2,"per 100,000 adults",2012,Cardiovascular hospitalizations due to PM2.5 (age 40+),Central Harlem - Morningside Heights,
518861,651,Cardiovascular hospitalizations due to PM2.5 (age 40+),Estimated annual rate,UHF42,304.0,Upper West Side,2012-2014,2012-01-02,9.6,"per 100,000 adults",2012,Cardiovascular hospitalizations due to PM2.5 (age 40+),Upper West Side,
628622,651,Cardiovascular hospitalizations due to PM2.5 (age 40+),Estimated annual rate,UHF42,504.0,South Beach - Tottenville,2015-2017,2015-01-01,15.6,"per 100,000 adults",2015,Cardiovascular hospitalizations due to PM2.5 (age 40+),South Beach - Tottenville,
628591,651,Cardiovascular hospitalizations due to PM2.5 (age 40+),Estimated annual rate,UHF42,204.0,East New York,2015-2017,2015-01-01,22.8,"per 100,000 adults",2015,Cardiovascular hospitalizations due to PM2.5 (age 40+),East New York,
628599,651,Cardiovascular hospitalizations due to PM2.5 (age 40+),Estimated annual rate,UHF42,301.0,Washington Heights,2015-2017,2015-01-01,17.1,"per 100,000 adults",2015,Cardiovascular hospitalizations due to PM2.5 (age 40+),Washington Heights,
518868,651,Cardiovascular hospitalizations due to PM2.5 (age 40+),Estimated annual rate,UHF42,401.0,Long Island City - Astoria,2012-2014,2012-01-02,11.4,"per 100,000 adults",2012,Cardiovascular hospitalizations due to PM2.5 (age 40+),Long Island City - Astoria,
518847,651,Cardiovascular hospitalizations due to PM2.5 (age 40+),Estimated annual rate,UHF42,201.0,Greenpoint,2012-2014,2012-01-02,15.8,"per 100,000 adults",2012,Cardiovascular hospitalizations due to PM2.5 (age 40+),Greenpoint,
628580,651,Cardiovascular hospitalizations due to PM2.5 (age 40+),Estimated annual rate,Borough,5.0,Staten Island,2015-2017,2015-01-01,17.0,"per 100,000 adults",2015,Cardiovascular hospitalizations due to PM2.5 (age 40+),Staten Island,
628598,651,Cardiovascular hospitalizations due to PM2.5 (age 40+),Estimated annual rate,UHF42,211.0,Williamsburg - Bushwick,2015-2017,2015-01-01,21.0,"per 100,000 adults",2015,Cardiovascular hospitalizations due to PM2.5 (age 40+),Williamsburg - Bushwick,
518857,651,Cardiovascular hospitalizations due to PM2.5 (age 40+),Estimated annual rate,UHF42,211.0,Williamsburg - Bushwick,2012-2014,2012-01-02,19.2,"per 100,000 adults",2012,Cardiovascular hospitalizations due to PM2.5 (age 40+),Williamsburg - Bushwick,
628596,651,Cardiovascular hospitalizations due to PM2.5 (age 40+),Estimated annual rate,UHF42,209.0,Bensonhurst - Bay Ridge,2015-2017,2015-01-01,14.2,"per 100,000 adults",2015,Cardiovascular hospitalizations due to PM2.5 (age 40+),Bensonhurst - Bay Ridge,
628607,651,Cardiovascular hospitalizations due to PM2.5 (age 40+),Estimated annual rate,UHF42,309.0,Union Square - Lower East Side,2015-2017,2015-01-01,15.6,"per 100,000 adults",2015,Cardiovascular hospitalizations due to PM2.5 (age 40+),Union Square - Lower East Side,
518867,651,Cardiovascular hospitalizations due to PM2.5 (age 40+),Estimated annual rate,UHF42,310.0,Lower Manhattan,2012-2014,2012-01-02,12.4,"per 100,000 adults",2012,Cardiovascular hospitalizations due to PM2.5 (age 40+),Lower Manhattan,
628608,651,Cardiovascular hospitalizations due to PM2.5 (age 40+),Estimated annual rate,UHF42,310.0,Lower Manhattan,2015-2017,2015-01-01,10.9,"per 100,000 adults",2015,Cardiovascular hospitalizations due to PM2.5 (age 40+),Lower Manhattan,
628618,651,Cardiovascular hospitalizations due to PM2.5 (age 40+),Estimated annual rate,UHF42,410.0,Rockaways,2015-2017,2015-01-01,21.0,"per 100,000 adults",2015,Cardiovascular hospitalizations due to PM2.5 (age 40+),Rockaways,
518852,651,Cardiovascular hospitalizations due to PM2.5 (age 40+),Estimated annual rate,UHF42,206.0,Borough Park,2012-2014,2012-01-02,13.9,"per 100,000 adults",2012,Cardiovascular hospitalizations due to PM2.5 (age 40+),Borough Park,
628597,651,Cardiovascular hospitalizations due to PM2.5 (age 40+),Estimated annual rate,UHF42,210.0,Coney Island - Sheepshead Bay,2015-2017,2015-01-01,20.0,"per 100,000 adults",2015,Cardiovascular hospitalizations due to PM2.5 (age 40+),Coney Island - Sheepshead Bay,
518872,651,Cardiovascular hospitalizations due to PM2.5 (age 40+),Estimated annual rate,UHF42,405.0,Ridgewood - Forest Hills,2012-2014,2012-01-02,11.2,"per 100,000 adults",2012,Cardiovascular hospitalizations due to PM2.5 (age 40+),Ridgewood - Forest Hills,
628613,651,Cardiovascular hospitalizations due to PM2.5 (age 40+),Estimated annual rate,UHF42,405.0,Ridgewood - Forest Hills,2015-2017,2015-01-01,14.5,"per 100,000 adults",2015,Cardiovascular hospitalizations due to PM2.5 (age 40+),Ridgewood - Forest Hills,
628601,651,Cardiovascular hospitalizations due to PM2.5 (age 40+),Estimated annual rate,UHF42,303.0,East Harlem,2015-2017,2015-01-01,25.5,"per 100,000 adults",2015,Cardiovascular hospitalizations due to PM2.5 (age 40+),East Harlem,
628585,651,Cardiovascular hospitalizations due to PM2.5 (age 40+),Estimated annual rate,UHF42,105.0,Crotona -Tremont,2015-2017,2015-01-01,23.3,"per 100,000 adults",2015,Cardiovascular hospitalizations due to PM2.5 (age 40+),Crotona -Tremont,
628603,651,Cardiovascular hospitalizations due to PM2.5 (age 40+),Estimated annual rate,UHF42,305.0,Upper East Side,2015-2017,2015-01-01,11.0,"per 100,000 adults",2015,Cardiovascular hospitalizations due to PM2.5 (age 40+),Upper East Side,
518849,651,Cardiovascular hospitalizations due to PM2.5 (age 40+),Estimated annual rate,UHF42,203.0,Bedford Stuyvesant - Crown Heights,2012-2014,2012-01-02,17.7,"per 100,000 adults",2012,Cardiovascular hospitalizations due to PM2.5 (age 40+),Bedford Stuyvesant - Crown Heights,
628592,651,Cardiovascular hospitalizations due to PM2.5 (age 40+),Estimated annual rate,UHF42,205.0,Sunset Park,2015-2017,2015-01-01,12.4,"per 100,000 adults",2015,Cardiovascular hospitalizations due to PM2.5 (age 40+),Sunset Park,
628602,651,Cardiovascular hospitalizations due to PM2.5 (age 40+),Estimated annual rate,UHF42,304.0,Upper West Side,2015-2017,2015-01-01,12.3,"per 100,000 adults",2015,Cardiovascular hospitalizations due to PM2.5 (age 40+),Upper West Side,
518844,651,Cardiovascular hospitalizations due to PM2.5 (age 40+),Estimated annual rate,UHF42,105.0,Crotona -Tremont,2012-2014,2012-01-02,18.1,"per 100,000 adults",2012,Cardiovascular hospitalizations due to PM2.5 (age 40+),Crotona -Tremont,
628614,651,Cardiovascular hospitalizations due to PM2.5 (age 40+),Estimated annual rate,UHF42,406.0,Fresh Meadows,2015-2017,2015-01-01,11.7,"per 100,000 adults",2015,Cardiovascular hospitalizations due to PM2.5 (age 40+),Fresh Meadows,
518863,651,Cardiovascular hospitalizations due to PM2.5 (age 40+),Estimated annual rate,UHF42,306.0,Chelsea - Clinton,2012-2014,2012-01-02,11.8,"per 100,000 adults",2012,Cardiovascular hospitalizations due to PM2.5 (age 40+),Chelsea - Clinton,
628604,651,Cardiovascular hospitalizations due to PM2.5 (age 40+),Estimated annual rate,UHF42,306.0,Chelsea - Clinton,2015-2017,2015-01-01,11.7,"per 100,000 adults",2015,Cardiovascular hospitalizations due to PM2.5 (age 40+),Chelsea - Clinton,
628579,651,Cardiovascular hospitalizations due to PM2.5 (age 40+),Estimated annual rate,Borough,4.0,Queens,2015-2017,2015-01-01,15.5,"per 100,000 adults",2015,Cardiovascular hospitalizations due to PM2.5 (age 40+),Queens,
518860,651,Cardiovascular hospitalizations due to PM2.5 (age 40+),Estimated annual rate,UHF42,303.0,East Harlem,2012-2014,2012-01-02,20.7,"per 100,000 adults",2012,Cardiovascular hospitalizations due to PM2.5 (age 40+),East Harlem,
518870,651,Cardiovascular hospitalizations due to PM2.5 (age 40+),Estimated annual rate,UHF42,403.0,Flushing - Clearview,2012-2014,2012-01-02,9.2,"per 100,000 adults",2012,Cardiovascular hospitalizations due to PM2.5 (age 40+),Flushing - Clearview,
518851,651,Cardiovascular hospitalizations due to PM2.5 (age 40+),Estimated annual rate,UHF42,205.0,Sunset Park,2012-2014,2012-01-02,11.7,"per 100,000 adults",2012,Cardiovascular hospitalizations due to PM2.5 (age 40+),Sunset Park,
518877,651,Cardiovascular hospitalizations due to PM2.5 (age 40+),Estimated annual rate,UHF42,410.0,Rockaways,2012-2014,2012-01-02,13.9,"per 100,000 adults",2012,Cardiovascular hospitalizations due to PM2.5 (age 40+),Rockaways,
518856,651,Cardiovascular hospitalizations due to PM2.5 (age 40+),Estimated annual rate,UHF42,210.0,Coney Island - Sheepshead Bay,2012-2014,2012-01-02,15.0,"per 100,000 adults",2012,Cardiovascular hospitalizations due to PM2.5 (age 40+),Coney Island - Sheepshead Bay,
628578,651,Cardiovascular hospitalizations due to PM2.5 (age 40+),Estimated annual rate,Borough,3.0,Manhattan,2015-2017,2015-01-01,14.6,"per 100,000 adults",2015,Cardiovascular hospitalizations due to PM2.5 (age 40+),Manhattan,
628600,651,Cardiovascular hospitalizations due to PM2.5 (age 40+),Estimated annual rate,UHF42,302.0,Central Harlem - Morningside Heights,2015-2017,2015-01-01,20.2,"per 100,000 adults",2015,Cardiovascular hospitalizations due to PM2.5 (age 40+),Central Harlem - Morningside Heights,
518848,651,Cardiovascular hospitalizations due to PM2.5 (age 40+),Estimated annual rate,UHF42,202.0,Downtown - Heights - Slope,2012-2014,2012-01-02,15.7,"per 100,000 adults",2012,Cardiovascular hospitalizations due to PM2.5 (age 40+),Downtown - Heights - Slope,
518869,651,Cardiovascular hospitalizations due to PM2.5 (age 40+),Estimated annual rate,UHF42,402.0,West Queens,2012-2014,2012-01-02,8.8,"per 100,000 adults",2012,Cardiovascular hospitalizations due to PM2.5 (age 40+),West Queens,
628610,651,Cardiovascular hospitalizations due to PM2.5 (age 40+),Estimated annual rate,UHF42,402.0,West Queens,2015-2017,2015-01-01,12.7,"per 100,000 adults",2015,Cardiovascular hospitalizations due to PM2.5 (age 40+),West Queens,
628590,651,Cardiovascular hospitalizations due to PM2.5 (age 40+),Estimated annual rate,UHF42,203.0,Bedford Stuyvesant - Crown Heights,2015-2017,2015-01-01,22.3,"per 100,000 adults",2015,Cardiovascular hospitalizations due to PM2.5 (age 40+),Bedford Stuyvesant - Crown Heights,
518880,651,Cardiovascular hospitalizations due to PM2.5 (age 40+),Estimated annual rate,UHF42,503.0,Willowbrook,2012-2014,2012-01-02,14.0,"per 100,000 adults",2012,Cardiovascular hospitalizations due to PM2.5 (age 40+),Willowbrook,
628583,651,Cardiovascular hospitalizations due to PM2.5 (age 40+),Estimated annual rate,UHF42,103.0,Fordham - Bronx Pk,2015-2017,2015-01-01,21.2,"per 100,000 adults",2015,Cardiovascular hospitalizations due to PM2.5 (age 40+),Fordham - Bronx Pk,
518842,651,Cardiovascular hospitalizations due to PM2.5 (age 40+),Estimated annual rate,UHF42,103.0,Fordham - Bronx Pk,2012-2014,2012-01-02,14.5,"per 100,000 adults",2012,Cardiovascular hospitalizations due to PM2.5 (age 40+),Fordham - Bronx Pk,
628595,651,Cardiovascular hospitalizations due to PM2.5 (age 40+),Estimated annual rate,UHF42,208.0,Canarsie - Flatlands,2015-2017,2015-01-01,18.3,"per 100,000 adults",2015,Cardiovascular hospitalizations due to PM2.5 (age 40+),Canarsie - Flatlands,
518846,651,Cardiovascular hospitalizations due to PM2.5 (age 40+),Estimated annual rate,UHF42,107.0,Hunts Point - Mott Haven,2012-2014,2012-01-02,19.7,"per 100,000 adults",2012,Cardiovascular hospitalizations due to PM2.5 (age 40+),Hunts Point - Mott Haven,
518864,651,Cardiovascular hospitalizations due to PM2.5 (age 40+),Estimated annual rate,UHF42,307.0,Gramercy Park - Murray Hill,2012-2014,2012-01-02,12.1,"per 100,000 adults",2012,Cardiovascular hospitalizations due to PM2.5 (age 40+),Gramercy Park - Murray Hill,
518874,651,Cardiovascular hospitalizations due to PM2.5 (age 40+),Estimated annual rate,UHF42,407.0,Southwest Queens,2012-2014,2012-01-02,13.3,"per 100,000 adults",2012,Cardiovascular hospitalizations due to PM2.5 (age 40+),Southwest Queens,
628615,651,Cardiovascular hospitalizations due to PM2.5 (age 40+),Estimated annual rate,UHF42,407.0,Southwest Queens,2015-2017,2015-01-01,18.5,"per 100,000 adults",2015,Cardiovascular hospitalizations due to PM2.5 (age 40+),Southwest Queens,
518850,651,Cardiovascular hospitalizations due to PM2.5 (age 40+),Estimated annual rate,UHF42,204.0,East New York,2012-2014,2012-01-02,16.9,"per 100,000 adults",2012,Cardiovascular hospitalizations due to PM2.5 (age 40+),East New York,
518881,651,Cardiovascular hospitalizations due to PM2.5 (age 40+),Estimated annual rate,UHF42,504.0,South Beach - Tottenville,2012-2014,2012-01-02,11.4,"per 100,000 adults",2012,Cardiovascular hospitalizations due to PM2.5 (age 40+),South Beach - Tottenville,
628609,651,Cardiovascular hospitalizations due to PM2.5 (age 40+),Estimated annual rate,UHF42,401.0,Long Island City - Astoria,2015-2017,2015-01-01,14.7,"per 100,000 adults",2015,Cardiovascular hospitalizations due to PM2.5 (age 40+),Long Island City - Astoria,
518858,651,Cardiovascular hospitalizations due to PM2.5 (age 40+),Estimated annual rate,UHF42,301.0,Washington Heights,2012-2014,2012-01-02,14.0,"per 100,000 adults",2012,Cardiovascular hospitalizations due to PM2.5 (age 40+),Washington Heights,
628619,651,Cardiovascular hospitalizations due to PM2.5 (age 40+),Estimated annual rate,UHF42,501.0,Port Richmond,2015-2017,2015-01-01,17.9,"per 100,000 adults",2015,Cardiovascular hospitalizations due to PM2.5 (age 40+),Port Richmond,
518878,651,Cardiovascular hospitalizations due to PM2.5 (age 40+),Estimated annual rate,UHF42,501.0,Port Richmond,2012-2014,2012-01-02,12.5,"per 100,000 adults",2012,Cardiovascular hospitalizations due to PM2.5 (age 40+),Port Richmond,
628588,651,Cardiovascular hospitalizations due to PM2.5 (age 40+),Estimated annual rate,UHF42,201.0,Greenpoint,2015-2017,2015-01-01,15.9,"per 100,000 adults",2015,Cardiovascular hospitalizations due to PM2.5 (age 40+),Greenpoint,
518873,651,Cardiovascular hospitalizations due to PM2.5 (age 40+),Estimated annual rate,UHF42,406.0,Fresh Meadows,2012-2014,2012-01-02,9.4,"per 100,000 adults",2012,Cardiovascular hospitalizations due to PM2.5 (age 40+),Fresh Meadows,
628589,651,Cardiovascular hospitalizations due to PM2.5 (age 40+),Estimated annual rate,UHF42,202.0,Downtown - Heights - Slope,2015-2017,2015-01-01,14.4,"per 100,000 adults",2015,Cardiovascular hospitalizations due to PM2.5 (age 40+),Downtown - Heights - Slope,
518840,651,Cardiovascular hospitalizations due to PM2.5 (age 40+),Estimated annual rate,UHF42,101.0,Kingsbridge - Riverdale,2012-2014,2012-01-02,14.0,"per 100,000 adults",2012,Cardiovascular hospitalizations due to PM2.5 (age 40+),Kingsbridge - Riverdale,
628581,651,Cardiovascular hospitalizations due to PM2.5 (age 40+),Estimated annual rate,UHF42,101.0,Kingsbridge - Riverdale,2015-2017,2015-01-01,18.2,"per 100,000 adults",2015,Cardiovascular hospitalizations due to PM2.5 (age 40+),Kingsbridge - Riverdale,
518845,651,Cardiovascular hospitalizations due to PM2.5 (age 40+),Estimated annual rate,UHF42,106.0,High Bridge - Morrisania,2012-2014,2012-01-02,17.8,"per 100,000 adults",2012,Cardiovascular hospitalizations due to PM2.5 (age 40+),High Bridge - Morrisania,
518855,651,Cardiovascular hospitalizations due to PM2.5 (age 40+),Estimated annual rate,UHF42,209.0,Bensonhurst - Bay Ridge,2012-2014,2012-01-02,11.1,"per 100,000 adults",2012,Cardiovascular hospitalizations due to PM2.5 (age 40+),Bensonhurst - Bay Ridge,
628593,651,Cardiovascular hospitalizations due to PM2.5 (age 40+),Estimated annual rate,UHF42,206.0,Borough Park,2015-2017,2015-01-01,16.1,"per 100,000 adults",2015,Cardiovascular hospitalizations due to PM2.5 (age 40+),Borough Park,
628584,651,Cardiovascular hospitalizations due to PM2.5 (age 40+),Estimated annual rate,UHF42,104.0,Pelham - Throgs Neck,2015-2017,2015-01-01,19.2,"per 100,000 adults",2015,Cardiovascular hospitalizations due to PM2.5 (age 40+),Pelham - Throgs Neck,
518839,651,Cardiovascular hospitalizations due to PM2.5 (age 40+),Estimated annual rate,Borough,5.0,Staten Island,2012-2014,2012-01-02,12.4,"per 100,000 adults",2012,Cardiovascular hospitalizations due to PM2.5 (age 40+),Staten Island,
518843,651,Cardiovascular hospitalizations due to PM2.5 (age 40+),Estimated annual rate,UHF42,104.0,Pelham - Throgs Neck,2012-2014,2012-01-02,13.9,"per 100,000 adults",2012,Cardiovascular hospitalizations due to PM2.5 (age 40+),Pelham - Throgs Neck,
518871,651,Cardiovascular hospitalizations due to PM2.5 (age 40+),Estimated annual rate,UHF42,404.0,Bayside - Little Neck,2012-2014,2012-01-02,8.7,"per 100,000 adults",2012,Cardiovascular hospitalizations due to PM2.5 (age 40+),Bayside - Little Neck,
628612,651,Cardiovascular hospitalizations due to PM2.5 (age 40+),Estimated annual rate,UHF42,404.0,Bayside - Little Neck,2015-2017,2015-01-01,11.7,"per 100,000 adults",2015,Cardiovascular hospitalizations due to PM2.5 (age 40+),Bayside - Little Neck,
130978,651,Cardiovascular hospitalizations due to PM2.5 (age 40+),Estimated annual rate,Borough,5.0,Staten Island,2005-2007,2005-01-01,25.2,"per 100,000 adults",2005,Cardiovascular hospitalizations due to PM2.5 (age 40+),Staten Island,
827517,651,Cardiovascular hospitalizations due to PM2.5 (age 40+),Estimated annual rate,UHF42,404.0,Bayside - Little Neck,2017-2019,2017-01-01,3.0,"per 100,000 adults",2017,Cardiovascular hospitalizations due to PM2.5 (age 40+),Bayside - Little Neck,
628621,651,Cardiovascular hospitalizations due to PM2.5 (age 40+),Estimated annual rate,UHF42,503.0,Willowbrook,2015-2017,2015-01-01,16.8,"per 100,000 adults",2015,Cardiovascular hospitalizations due to PM2.5 (age 40+),Willowbrook,
130940,651,Cardiovascular hospitalizations due to PM2.5 (age 40+),Estimated annual rate,UHF42,203.0,Bedford Stuyvesant - Crown Heights,2005-2007,2005-01-01,34.3,"per 100,000 adults",2005,Cardiovascular hospitalizations due to PM2.5 (age 40+),Bedford Stuyvesant - Crown Heights,
130963,651,Cardiovascular hospitalizations due to PM2.5 (age 40+),Estimated annual rate,UHF42,405.0,Ridgewood - Forest Hills,2005-2007,2005-01-01,25.2,"per 100,000 adults",2005,Cardiovascular hospitalizations due to PM2.5 (age 40+),Ridgewood - Forest Hills,
518854,651,Cardiovascular hospitalizations due to PM2.5 (age 40+),Estimated annual rate,UHF42,208.0,Canarsie - Flatlands,2012-2014,2012-01-02,13.1,"per 100,000 adults",2012,Cardiovascular hospitalizations due to PM2.5 (age 40+),Canarsie - Flatlands,
628605,651,Cardiovascular hospitalizations due to PM2.5 (age 40+),Estimated annual rate,UHF42,307.0,Gramercy Park - Murray Hill,2015-2017,2015-01-01,12.0,"per 100,000 adults",2015,Cardiovascular hospitalizations due to PM2.5 (age 40+),Gramercy Park - Murray Hill,
518865,651,Cardiovascular hospitalizations due to PM2.5 (age 40+),Estimated annual rate,UHF42,308.0,Greenwich Village - SoHo,2012-2014,2012-01-02,7.3,"per 100,000 adults",2012,Cardiovascular hospitalizations due to PM2.5 (age 40+),Greenwich Village - SoHo,
628606,651,Cardiovascular hospitalizations due to PM2.5 (age 40+),Estimated annual rate,UHF42,308.0,Greenwich Village - SoHo,2015-2017,2015-01-01,8.3,"per 100,000 adults",2015,Cardiovascular hospitalizations due to PM2.5 (age 40+),Greenwich Village - SoHo,
628576,651,Cardiovascular hospitalizations due to PM2.5 (age 40+),Estimated annual rate,Borough,1.0,Bronx,2015-2017,2015-01-01,21.0,"per 100,000 adults",2015,Cardiovascular hospitalizations due to PM2.5 (age 40+),Bronx,
628616,651,Cardiovascular hospitalizations due to PM2.5 (age 40+),Estimated annual rate,UHF42,408.0,Jamaica,2015-2017,2015-01-01,19.4,"per 100,000 adults",2015,Cardiovascular hospitalizations due to PM2.5 (age 40+),Jamaica,
518836,651,Cardiovascular hospitalizations due to PM2.5 (age 40+),Estimated annual rate,Borough,2.0,Brooklyn,2012-2014,2012-01-02,14.8,"per 100,000 adults",2012,Cardiovascular hospitalizations due to PM2.5 (age 40+),Brooklyn,
628577,651,Cardiovascular hospitalizations due to PM2.5 (age 40+),Estimated annual rate,Borough,2.0,Brooklyn,2015-2017,2015-01-01,18.2,"per 100,000 adults",2015,Cardiovascular hospitalizations due to PM2.5 (age 40+),Brooklyn,
827490,651,Cardiovascular hospitalizations due to PM2.5 (age 40+),Estimated annual rate,UHF42,105.0,Crotona -Tremont,2017-2019,2017-01-01,13.0,"per 100,000 adults",2017,Cardiovascular hospitalizations due to PM2.5 (age 40+),Crotona -Tremont,
827491,651,Cardiovascular hospitalizations due to PM2.5 (age 40+),Estimated annual rate,UHF42,106.0,High Bridge - Morrisania,2017-2019,2017-01-01,13.0,"per 100,000 adults",2017,Cardiovascular hospitalizations due to PM2.5 (age 40+),High Bridge - Morrisania,
130957,651,Cardiovascular hospitalizations due to PM2.5 (age 40+),Estimated annual rate,UHF42,309.0,Union Square - Lower East Side,2005-2007,2005-01-01,25.1,"per 100,000 adults",2005,Cardiovascular hospitalizations due to PM2.5 (age 40+),Union Square - Lower East Side,
130958,651,Cardiovascular hospitalizations due to PM2.5 (age 40+),Estimated annual rate,UHF42,310.0,Lower Manhattan,2005-2007,2005-01-01,18.6,"per 100,000 adults",2005,Cardiovascular hospitalizations due to PM2.5 (age 40+),Lower Manhattan,
130967,651,Cardiovascular hospitalizations due to PM2.5 (age 40+),Estimated annual rate,UHF42,409.0,Southeast Queens,2005-2007,2005-01-01,19.2,"per 100,000 adults",2005,Cardiovascular hospitalizations due to PM2.5 (age 40+),Southeast Queens,
130943,651,Cardiovascular hospitalizations due to PM2.5 (age 40+),Estimated annual rate,UHF42,206.0,Borough Park,2005-2007,2005-01-01,26.8,"per 100,000 adults",2005,Cardiovascular hospitalizations due to PM2.5 (age 40+),Borough Park,
827513,651,Cardiovascular hospitalizations due to PM2.5 (age 40+),Estimated annual rate,UHF42,310.0,Lower Manhattan,2017-2019,2017-01-01,7.0,"per 100,000 adults",2017,Cardiovascular hospitalizations due to PM2.5 (age 40+),Lower Manhattan,
827502,651,Cardiovascular hospitalizations due to PM2.5 (age 40+),Estimated annual rate,UHF42,210.0,Coney Island - Sheepshead Bay,2017-2019,2017-01-01,12.0,"per 100,000 adults",2017,Cardiovascular hospitalizations due to PM2.5 (age 40+),Coney Island - Sheepshead Bay,
130947,651,Cardiovascular hospitalizations due to PM2.5 (age 40+),Estimated annual rate,UHF42,210.0,Coney Island - Sheepshead Bay,2005-2007,2005-01-01,33.8,"per 100,000 adults",2005,Cardiovascular hospitalizations due to PM2.5 (age 40+),Coney Island - Sheepshead Bay,
827523,651,Cardiovascular hospitalizations due to PM2.5 (age 40+),Estimated annual rate,UHF42,410.0,Rockaways,2017-2019,2017-01-01,9.0,"per 100,000 adults",2017,Cardiovascular hospitalizations due to PM2.5 (age 40+),Rockaways,
827522,651,Cardiovascular hospitalizations due to PM2.5 (age 40+),Estimated annual rate,UHF42,409.0,Southeast Queens,2017-2019,2017-01-01,6.0,"per 100,000 adults",2017,Cardiovascular hospitalizations due to PM2.5 (age 40+),Southeast Queens,
827512,651,Cardiovascular hospitalizations due to PM2.5 (age 40+),Estimated annual rate,UHF42,309.0,Union Square - Lower East Side,2017-2019,2017-01-01,10.0,"per 100,000 adults",2017,Cardiovascular hospitalizations due to PM2.5 (age 40+),Union Square - Lower East Side,
130976,651,Cardiovascular hospitalizations due to PM2.5 (age 40+),Estimated annual rate,Borough,3.0,Manhattan,2005-2007,2005-01-01,22.4,"per 100,000 adults",2005,Cardiovascular hospitalizations due to PM2.5 (age 40+),Manhattan,
130952,651,Cardiovascular hospitalizations due to PM2.5 (age 40+),Estimated annual rate,UHF42,304.0,Upper West Side,2005-2007,2005-01-01,18.4,"per 100,000 adults",2005,Cardiovascular hospitalizations due to PM2.5 (age 40+),Upper West Side,
130959,651,Cardiovascular hospitalizations due to PM2.5 (age 40+),Estimated annual rate,UHF42,401.0,Long Island City - Astoria,2005-2007,2005-01-01,22.6,"per 100,000 adults",2005,Cardiovascular hospitalizations due to PM2.5 (age 40+),Long Island City - Astoria,
827514,651,Cardiovascular hospitalizations due to PM2.5 (age 40+),Estimated annual rate,UHF42,401.0,Long Island City - Astoria,2017-2019,2017-01-01,9.0,"per 100,000 adults",2017,Cardiovascular hospitalizations due to PM2.5 (age 40+),Long Island City - Astoria,
130949,651,Cardiovascular hospitalizations due to PM2.5 (age 40+),Estimated annual rate,UHF42,301.0,Washington Heights,2005-2007,2005-01-01,27.6,"per 100,000 adults",2005,Cardiovascular hospitalizations due to PM2.5 (age 40+),Washington Heights,
827486,651,Cardiovascular hospitalizations due to PM2.5 (age 40+),Estimated annual rate,UHF42,101.0,Kingsbridge - Riverdale,2017-2019,2017-01-01,10.0,"per 100,000 adults",2017,Cardiovascular hospitalizations due to PM2.5 (age 40+),Kingsbridge - Riverdale,
130951,651,Cardiovascular hospitalizations due to PM2.5 (age 40+),Estimated annual rate,UHF42,303.0,East Harlem,2005-2007,2005-01-01,39.0,"per 100,000 adults",2005,Cardiovascular hospitalizations due to PM2.5 (age 40+),East Harlem,
130953,651,Cardiovascular hospitalizations due to PM2.5 (age 40+),Estimated annual rate,UHF42,305.0,Upper East Side,2005-2007,2005-01-01,14.2,"per 100,000 adults",2005,Cardiovascular hospitalizations due to PM2.5 (age 40+),Upper East Side,
827495,651,Cardiovascular hospitalizations due to PM2.5 (age 40+),Estimated annual rate,UHF42,203.0,Bedford Stuyvesant - Crown Heights,2017-2019,2017-01-01,13.0,"per 100,000 adults",2017,Cardiovascular hospitalizations due to PM2.5 (age 40+),Bedford Stuyvesant - Crown Heights,
827506,651,Cardiovascular hospitalizations due to PM2.5 (age 40+),Estimated annual rate,UHF42,303.0,East Harlem,2017-2019,2017-01-01,14.0,"per 100,000 adults",2017,Cardiovascular hospitalizations due to PM2.5 (age 40+),East Harlem,
130961,651,Cardiovascular hospitalizations due to PM2.5 (age 40+),Estimated annual rate,UHF42,403.0,Flushing - Clearview,2005-2007,2005-01-01,19.2,"per 100,000 adults",2005,Cardiovascular hospitalizations due to PM2.5 (age 40+),Flushing - Clearview,
130935,651,Cardiovascular hospitalizations due to PM2.5 (age 40+),Estimated annual rate,UHF42,105.0,Crotona -Tremont,2005-2007,2005-01-01,35.3,"per 100,000 adults",2005,Cardiovascular hospitalizations due to PM2.5 (age 40+),Crotona -Tremont,
827508,651,Cardiovascular hospitalizations due to PM2.5 (age 40+),Estimated annual rate,UHF42,305.0,Upper East Side,2017-2019,2017-01-01,7.0,"per 100,000 adults",2017,Cardiovascular hospitalizations due to PM2.5 (age 40+),Upper East Side,
130934,651,Cardiovascular hospitalizations due to PM2.5 (age 40+),Estimated annual rate,UHF42,104.0,Pelham - Throgs Neck,2005-2007,2005-01-01,28.4,"per 100,000 adults",2005,Cardiovascular hospitalizations due to PM2.5 (age 40+),Pelham - Throgs Neck,
827503,651,Cardiovascular hospitalizations due to PM2.5 (age 40+),Estimated annual rate,UHF42,211.0,Williamsburg - Bushwick,2017-2019,2017-01-01,12.0,"per 100,000 adults",2017,Cardiovascular hospitalizations due to PM2.5 (age 40+),Williamsburg - Bushwick,
628582,651,Cardiovascular hospitalizations due to PM2.5 (age 40+),Estimated annual rate,UHF42,102.0,Northeast Bronx,2015-2017,2015-01-01,18.5,"per 100,000 adults",2015,Cardiovascular hospitalizations due to PM2.5 (age 40+),Northeast Bronx,
518841,651,Cardiovascular hospitalizations due to PM2.5 (age 40+),Estimated annual rate,UHF42,102.0,Northeast Bronx,2012-2014,2012-01-02,13.0,"per 100,000 adults",2012,Cardiovascular hospitalizations due to PM2.5 (age 40+),Northeast Bronx,
827494,651,Cardiovascular hospitalizations due to PM2.5 (age 40+),Estimated annual rate,UHF42,202.0,Downtown - Heights - Slope,2017-2019,2017-01-01,9.0,"per 100,000 adults",2017,Cardiovascular hospitalizations due to PM2.5 (age 40+),Downtown - Heights - Slope,
827509,651,Cardiovascular hospitalizations due to PM2.5 (age 40+),Estimated annual rate,UHF42,306.0,Chelsea - Clinton,2017-2019,2017-01-01,8.0,"per 100,000 adults",2017,Cardiovascular hospitalizations due to PM2.5 (age 40+),Chelsea - Clinton,
827505,651,Cardiovascular hospitalizations due to PM2.5 (age 40+),Estimated annual rate,UHF42,302.0,Central Harlem - Morningside Heights,2017-2019,2017-01-01,11.0,"per 100,000 adults",2017,Cardiovascular hospitalizations due to PM2.5 (age 40+),Central Harlem - Morningside Heights,
827504,651,Cardiovascular hospitalizations due to PM2.5 (age 40+),Estimated annual rate,UHF42,301.0,Washington Heights,2017-2019,2017-01-01,10.0,"per 100,000 adults",2017,Cardiovascular hospitalizations due to PM2.5 (age 40+),Washington Heights,
518838,651,Cardiovascular hospitalizations due to PM2.5 (age 40+),Estimated annual rate,Borough,4.0,Queens,2012-2014,2012-01-02,11.1,"per 100,000 adults",2012,Cardiovascular hospitalizations due to PM2.5 (age 40+),Queens,
518879,651,Cardiovascular hospitalizations due to PM2.5 (age 40+),Estimated annual rate,UHF42,502.0,Stapleton - St. George,2012-2014,2012-01-02,12.7,"per 100,000 adults",2012,Cardiovascular hospitalizations due to PM2.5 (age 40+),Stapleton - St. George,
628620,651,Cardiovascular hospitalizations due to PM2.5 (age 40+),Estimated annual rate,UHF42,502.0,Stapleton - St. George,2015-2017,2015-01-01,19.1,"per 100,000 adults",2015,Cardiovascular hospitalizations due to PM2.5 (age 40+),Stapleton - St. George,
827515,651,Cardiovascular hospitalizations due to PM2.5 (age 40+),Estimated annual rate,UHF42,402.0,West Queens,2017-2019,2017-01-01,7.0,"per 100,000 adults",2017,Cardiovascular hospitalizations due to PM2.5 (age 40+),West Queens,
827516,651,Cardiovascular hospitalizations due to PM2.5 (age 40+),Estimated annual rate,UHF42,403.0,Flushing - Clearview,2017-2019,2017-01-01,6.0,"per 100,000 adults",2017,Cardiovascular hospitalizations due to PM2.5 (age 40+),Flushing - Clearview,
130969,651,Cardiovascular hospitalizations due to PM2.5 (age 40+),Estimated annual rate,UHF42,501.0,Port Richmond,2005-2007,2005-01-01,25.5,"per 100,000 adults",2005,Cardiovascular hospitalizations due to PM2.5 (age 40+),Port Richmond,
827493,651,Cardiovascular hospitalizations due to PM2.5 (age 40+),Estimated annual rate,UHF42,201.0,Greenpoint,2017-2019,2017-01-01,8.0,"per 100,000 adults",2017,Cardiovascular hospitalizations due to PM2.5 (age 40+),Greenpoint,
130938,651,Cardiovascular hospitalizations due to PM2.5 (age 40+),Estimated annual rate,UHF42,201.0,Greenpoint,2005-2007,2005-01-01,28.9,"per 100,000 adults",2005,Cardiovascular hospitalizations due to PM2.5 (age 40+),Greenpoint,
130931,651,Cardiovascular hospitalizations due to PM2.5 (age 40+),Estimated annual rate,UHF42,101.0,Kingsbridge - Riverdale,2005-2007,2005-01-01,28.2,"per 100,000 adults",2005,Cardiovascular hospitalizations due to PM2.5 (age 40+),Kingsbridge - Riverdale,
827524,651,Cardiovascular hospitalizations due to PM2.5 (age 40+),Estimated annual rate,UHF42,501.0,Port Richmond,2017-2019,2017-01-01,11.0,"per 100,000 adults",2017,Cardiovascular hospitalizations due to PM2.5 (age 40+),Port Richmond,
130970,651,Cardiovascular hospitalizations due to PM2.5 (age 40+),Estimated annual rate,UHF42,502.0,Stapleton - St. George,2005-2007,2005-01-01,25.9,"per 100,000 adults",2005,Cardiovascular hospitalizations due to PM2.5 (age 40+),Stapleton - St. George,
827498,651,Cardiovascular hospitalizations due to PM2.5 (age 40+),Estimated annual rate,UHF42,206.0,Borough Park,2017-2019,2017-01-01,10.0,"per 100,000 adults",2017,Cardiovascular hospitalizations due to PM2.5 (age 40+),Borough Park,
827501,651,Cardiovascular hospitalizations due to PM2.5 (age 40+),Estimated annual rate,UHF42,209.0,Bensonhurst - Bay Ridge,2017-2019,2017-01-01,9.0,"per 100,000 adults",2017,Cardiovascular hospitalizations due to PM2.5 (age 40+),Bensonhurst - Bay Ridge,
130968,651,Cardiovascular hospitalizations due to PM2.5 (age 40+),Estimated annual rate,UHF42,410.0,Rockaways,2005-2007,2005-01-01,28.8,"per 100,000 adults",2005,Cardiovascular hospitalizations due to PM2.5 (age 40+),Rockaways,
130946,651,Cardiovascular hospitalizations due to PM2.5 (age 40+),Estimated annual rate,UHF42,209.0,Bensonhurst - Bay Ridge,2005-2007,2005-01-01,25.8,"per 100,000 adults",2005,Cardiovascular hospitalizations due to PM2.5 (age 40+),Bensonhurst - Bay Ridge,
130936,651,Cardiovascular hospitalizations due to PM2.5 (age 40+),Estimated annual rate,UHF42,106.0,High Bridge - Morrisania,2005-2007,2005-01-01,39.0,"per 100,000 adults",2005,Cardiovascular hospitalizations due to PM2.5 (age 40+),High Bridge - Morrisania,
130971,651,Cardiovascular hospitalizations due to PM2.5 (age 40+),Estimated annual rate,UHF42,503.0,Willowbrook,2005-2007,2005-01-01,27.1,"per 100,000 adults",2005,Cardiovascular hospitalizations due to PM2.5 (age 40+),Willowbrook,
130942,651,Cardiovascular hospitalizations due to PM2.5 (age 40+),Estimated annual rate,UHF42,205.0,Sunset Park,2005-2007,2005-01-01,24.3,"per 100,000 adults",2005,Cardiovascular hospitalizations due to PM2.5 (age 40+),Sunset Park,
827497,651,Cardiovascular hospitalizations due to PM2.5 (age 40+),Estimated annual rate,UHF42,205.0,Sunset Park,2017-2019,2017-01-01,8.0,"per 100,000 adults",2017,Cardiovascular hospitalizations due to PM2.5 (age 40+),Sunset Park,
827518,651,Cardiovascular hospitalizations due to PM2.5 (age 40+),Estimated annual rate,UHF42,405.0,Ridgewood - Forest Hills,2017-2019,2017-01-01,7.0,"per 100,000 adults",2017,Cardiovascular hospitalizations due to PM2.5 (age 40+),Ridgewood - Forest Hills,
827526,651,Cardiovascular hospitalizations due to PM2.5 (age 40+),Estimated annual rate,UHF42,503.0,Willowbrook,2017-2019,2017-01-01,11.0,"per 100,000 adults",2017,Cardiovascular hospitalizations due to PM2.5 (age 40+),Willowbrook,
130933,651,Cardiovascular hospitalizations due to PM2.5 (age 40+),Estimated annual rate,UHF42,103.0,Fordham - Bronx Pk,2005-2007,2005-01-01,30.6,"per 100,000 adults",2005,Cardiovascular hospitalizations due to PM2.5 (age 40+),Fordham - Bronx Pk,
130948,651,Cardiovascular hospitalizations due to PM2.5 (age 40+),Estimated annual rate,UHF42,211.0,Williamsburg - Bushwick,2005-2007,2005-01-01,37.8,"per 100,000 adults",2005,Cardiovascular hospitalizations due to PM2.5 (age 40+),Williamsburg - Bushwick,
130962,651,Cardiovascular hospitalizations due to PM2.5 (age 40+),Estimated annual rate,UHF42,404.0,Bayside - Little Neck,2005-2007,2005-01-01,18.3,"per 100,000 adults",2005,Cardiovascular hospitalizations due to PM2.5 (age 40+),Bayside - Little Neck,
827489,651,Cardiovascular hospitalizations due to PM2.5 (age 40+),Estimated annual rate,UHF42,104.0,Pelham - Throgs Neck,2017-2019,2017-01-01,11.0,"per 100,000 adults",2017,Cardiovascular hospitalizations due to PM2.5 (age 40+),Pelham - Throgs Neck,
827496,651,Cardiovascular hospitalizations due to PM2.5 (age 40+),Estimated annual rate,UHF42,204.0,East New York,2017-2019,2017-01-01,13.0,"per 100,000 adults",2017,Cardiovascular hospitalizations due to PM2.5 (age 40+),East New York,
130941,651,Cardiovascular hospitalizations due to PM2.5 (age 40+),Estimated annual rate,UHF42,204.0,East New York,2005-2007,2005-01-01,32.8,"per 100,000 adults",2005,Cardiovascular hospitalizations due to PM2.5 (age 40+),East New York,
827507,651,Cardiovascular hospitalizations due to PM2.5 (age 40+),Estimated annual rate,UHF42,304.0,Upper West Side,2017-2019,2017-01-01,8.0,"per 100,000 adults",2017,Cardiovascular hospitalizations due to PM2.5 (age 40+),Upper West Side,
827485,651,Cardiovascular hospitalizations due to PM2.5 (age 40+),Estimated annual rate,Borough,5.0,Staten Island,2017-2019,2017-01-01,11.0,"per 100,000 adults",2017,Cardiovascular hospitalizations due to PM2.5 (age 40+),Staten Island,
130954,651,Cardiovascular hospitalizations due to PM2.5 (age 40+),Estimated annual rate,UHF42,306.0,Chelsea - Clinton,2005-2007,2005-01-01,20.6,"per 100,000 adults",2005,Cardiovascular hospitalizations due to PM2.5 (age 40+),Chelsea - Clinton,
827519,651,Cardiovascular hospitalizations due to PM2.5 (age 40+),Estimated annual rate,UHF42,406.0,Fresh Meadows,2017-2019,2017-01-01,6.0,"per 100,000 adults",2017,Cardiovascular hospitalizations due to PM2.5 (age 40+),Fresh Meadows,
130939,651,Cardiovascular hospitalizations due to PM2.5 (age 40+),Estimated annual rate,UHF42,202.0,Downtown - Heights - Slope,2005-2007,2005-01-01,28.6,"per 100,000 adults",2005,Cardiovascular hospitalizations due to PM2.5 (age 40+),Downtown - Heights - Slope,
130964,651,Cardiovascular hospitalizations due to PM2.5 (age 40+),Estimated annual rate,UHF42,406.0,Fresh Meadows,2005-2007,2005-01-01,19.9,"per 100,000 adults",2005,Cardiovascular hospitalizations due to PM2.5 (age 40+),Fresh Meadows,
827487,651,Cardiovascular hospitalizations due to PM2.5 (age 40+),Estimated annual rate,UHF42,102.0,Northeast Bronx,2017-2019,2017-01-01,10.0,"per 100,000 adults",2017,Cardiovascular hospitalizations due to PM2.5 (age 40+),Northeast Bronx,
827483,651,Cardiovascular hospitalizations due to PM2.5 (age 40+),Estimated annual rate,Borough,3.0,Manhattan,2017-2019,2017-01-01,9.0,"per 100,000 adults",2017,Cardiovascular hospitalizations due to PM2.5 (age 40+),Manhattan,
518853,651,Cardiovascular hospitalizations due to PM2.5 (age 40+),Estimated annual rate,UHF42,207.0,East Flatbush - Flatbush,2012-2014,2012-01-02,13.4,"per 100,000 adults",2012,Cardiovascular hospitalizations due to PM2.5 (age 40+),East Flatbush - Flatbush,
518835,651,Cardiovascular hospitalizations due to PM2.5 (age 40+),Estimated annual rate,Borough,1.0,Bronx,2012-2014,2012-01-02,15.5,"per 100,000 adults",2012,Cardiovascular hospitalizations due to PM2.5 (age 40+),Bronx,
827488,651,Cardiovascular hospitalizations due to PM2.5 (age 40+),Estimated annual rate,UHF42,103.0,Fordham - Bronx Pk,2017-2019,2017-01-01,12.0,"per 100,000 adults",2017,Cardiovascular hospitalizations due to PM2.5 (age 40+),Fordham - Bronx Pk,
131468,651,Cardiovascular hospitalizations due to PM2.5 (age 40+),Estimated annual rate,UHF42,203.0,Bedford Stuyvesant - Crown Heights,2009-2011,2009-01-01,23.9,"per 100,000 adults",2009,Cardiovascular hospitalizations due to PM2.5 (age 40+),Bedford Stuyvesant - Crown Heights,
131491,651,Cardiovascular hospitalizations due to PM2.5 (age 40+),Estimated annual rate,UHF42,405.0,Ridgewood - Forest Hills,2009-2011,2009-01-01,15.7,"per 100,000 adults",2009,Cardiovascular hospitalizations due to PM2.5 (age 40+),Ridgewood - Forest Hills,
131479,651,Cardiovascular hospitalizations due to PM2.5 (age 40+),Estimated annual rate,UHF42,303.0,East Harlem,2009-2011,2009-01-01,23.3,"per 100,000 adults",2009,Cardiovascular hospitalizations due to PM2.5 (age 40+),East Harlem,
131481,651,Cardiovascular hospitalizations due to PM2.5 (age 40+),Estimated annual rate,UHF42,305.0,Upper East Side,2009-2011,2009-01-01,11.1,"per 100,000 adults",2009,Cardiovascular hospitalizations due to PM2.5 (age 40+),Upper East Side,
131489,651,Cardiovascular hospitalizations due to PM2.5 (age 40+),Estimated annual rate,UHF42,403.0,Flushing - Clearview,2009-2011,2009-01-01,14.1,"per 100,000 adults",2009,Cardiovascular hospitalizations due to PM2.5 (age 40+),Flushing - Clearview,
130932,651,Cardiovascular hospitalizations due to PM2.5 (age 40+),Estimated annual rate,UHF42,102.0,Northeast Bronx,2005-2007,2005-01-01,25.9,"per 100,000 adults",2005,Cardiovascular hospitalizations due to PM2.5 (age 40+),Northeast Bronx,
130950,651,Cardiovascular hospitalizations due to PM2.5 (age 40+),Estimated annual rate,UHF42,302.0,Central Harlem - Morningside Heights,2005-2007,2005-01-01,35.1,"per 100,000 adults",2005,Cardiovascular hospitalizations due to PM2.5 (age 40+),Central Harlem - Morningside Heights,
131478,651,Cardiovascular hospitalizations due to PM2.5 (age 40+),Estimated annual rate,UHF42,302.0,Central Harlem - Morningside Heights,2009-2011,2009-01-01,19.7,"per 100,000 adults",2009,Cardiovascular hospitalizations due to PM2.5 (age 40+),Central Harlem - Morningside Heights,
131467,651,Cardiovascular hospitalizations due to PM2.5 (age 40+),Estimated annual rate,UHF42,202.0,Downtown - Heights - Slope,2009-2011,2009-01-01,19.8,"per 100,000 adults",2009,Cardiovascular hospitalizations due to PM2.5 (age 40+),Downtown - Heights - Slope,
131460,651,Cardiovascular hospitalizations due to PM2.5 (age 40+),Estimated annual rate,UHF42,102.0,Northeast Bronx,2009-2011,2009-01-01,16.2,"per 100,000 adults",2009,Cardiovascular hospitalizations due to PM2.5 (age 40+),Northeast Bronx,
131482,651,Cardiovascular hospitalizations due to PM2.5 (age 40+),Estimated annual rate,UHF42,306.0,Chelsea - Clinton,2009-2011,2009-01-01,11.7,"per 100,000 adults",2009,Cardiovascular hospitalizations due to PM2.5 (age 40+),Chelsea - Clinton,
827525,651,Cardiovascular hospitalizations due to PM2.5 (age 40+),Estimated annual rate,UHF42,502.0,Stapleton - St. George,2017-2019,2017-01-01,12.0,"per 100,000 adults",2017,Cardiovascular hospitalizations due to PM2.5 (age 40+),Stapleton - St. George,
130960,651,Cardiovascular hospitalizations due to PM2.5 (age 40+),Estimated annual rate,UHF42,402.0,West Queens,2005-2007,2005-01-01,18.4,"per 100,000 adults",2005,Cardiovascular hospitalizations due to PM2.5 (age 40+),West Queens,
131485,651,Cardiovascular hospitalizations due to PM2.5 (age 40+),Estimated annual rate,UHF42,309.0,Union Square - Lower East Side,2009-2011,2009-01-01,18.5,"per 100,000 adults",2009,Cardiovascular hospitalizations due to PM2.5 (age 40+),Union Square - Lower East Side,
131475,651,Cardiovascular hospitalizations due to PM2.5 (age 40+),Estimated annual rate,UHF42,210.0,Coney Island - Sheepshead Bay,2009-2011,2009-01-01,22.3,"per 100,000 adults",2009,Cardiovascular hospitalizations due to PM2.5 (age 40+),Coney Island - Sheepshead Bay,
131486,651,Cardiovascular hospitalizations due to PM2.5 (age 40+),Estimated annual rate,UHF42,310.0,Lower Manhattan,2009-2011,2009-01-01,14.0,"per 100,000 adults",2009,Cardiovascular hospitalizations due to PM2.5 (age 40+),Lower Manhattan,
131464,651,Cardiovascular hospitalizations due to PM2.5 (age 40+),Estimated annual rate,UHF42,106.0,High Bridge - Morrisania,2009-2011,2009-01-01,24.1,"per 100,000 adults",2009,Cardiovascular hospitalizations due to PM2.5 (age 40+),High Bridge - Morrisania,
131495,651,Cardiovascular hospitalizations due to PM2.5 (age 40+),Estimated annual rate,UHF42,409.0,Southeast Queens,2009-2011,2009-01-01,14.5,"per 100,000 adults",2009,Cardiovascular hospitalizations due to PM2.5 (age 40+),Southeast Queens,
131474,651,Cardiovascular hospitalizations due to PM2.5 (age 40+),Estimated annual rate,UHF42,209.0,Bensonhurst - Bay Ridge,2009-2011,2009-01-01,16.5,"per 100,000 adults",2009,Cardiovascular hospitalizations due to PM2.5 (age 40+),Bensonhurst - Bay Ridge,
131463,651,Cardiovascular hospitalizations due to PM2.5 (age 40+),Estimated annual rate,UHF42,105.0,Crotona -Tremont,2009-2011,2009-01-01,21.6,"per 100,000 adults",2009,Cardiovascular hospitalizations due to PM2.5 (age 40+),Crotona -Tremont,
130972,651,Cardiovascular hospitalizations due to PM2.5 (age 40+),Estimated annual rate,UHF42,504.0,South Beach - Tottenville,2005-2007,2005-01-01,23.9,"per 100,000 adults",2005,Cardiovascular hospitalizations due to PM2.5 (age 40+),South Beach - Tottenville,
827527,651,Cardiovascular hospitalizations due to PM2.5 (age 40+),Estimated annual rate,UHF42,504.0,South Beach - Tottenville,2017-2019,2017-01-01,10.0,"per 100,000 adults",2017,Cardiovascular hospitalizations due to PM2.5 (age 40+),South Beach - Tottenville,
131490,651,Cardiovascular hospitalizations due to PM2.5 (age 40+),Estimated annual rate,UHF42,404.0,Bayside - Little Neck,2009-2011,2009-01-01,12.5,"per 100,000 adults",2009,Cardiovascular hospitalizations due to PM2.5 (age 40+),Bayside - Little Neck,
131506,651,Cardiovascular hospitalizations due to PM2.5 (age 40+),Estimated annual rate,Borough,5.0,Staten Island,2009-2011,2009-01-01,16.3,"per 100,000 adults",2009,Cardiovascular hospitalizations due to PM2.5 (age 40+),Staten Island,
131480,651,Cardiovascular hospitalizations due to PM2.5 (age 40+),Estimated annual rate,UHF42,304.0,Upper West Side,2009-2011,2009-01-01,12.0,"per 100,000 adults",2009,Cardiovascular hospitalizations due to PM2.5 (age 40+),Upper West Side,
131477,651,Cardiovascular hospitalizations due to PM2.5 (age 40+),Estimated annual rate,UHF42,301.0,Washington Heights,2009-2011,2009-01-01,18.1,"per 100,000 adults",2009,Cardiovascular hospitalizations due to PM2.5 (age 40+),Washington Heights,
131466,651,Cardiovascular hospitalizations due to PM2.5 (age 40+),Estimated annual rate,UHF42,201.0,Greenpoint,2009-2011,2009-01-01,20.5,"per 100,000 adults",2009,Cardiovascular hospitalizations due to PM2.5 (age 40+),Greenpoint,
131469,651,Cardiovascular hospitalizations due to PM2.5 (age 40+),Estimated annual rate,UHF42,204.0,East New York,2009-2011,2009-01-01,22.4,"per 100,000 adults",2009,Cardiovascular hospitalizations due to PM2.5 (age 40+),East New York,
518875,651,Cardiovascular hospitalizations due to PM2.5 (age 40+),Estimated annual rate,UHF42,408.0,Jamaica,2012-2014,2012-01-02,14.4,"per 100,000 adults",2012,Cardiovascular hospitalizations due to PM2.5 (age 40+),Jamaica,
628587,651,Cardiovascular hospitalizations due to PM2.5 (age 40+),Estimated annual rate,UHF42,107.0,Hunts Point - Mott Haven,2015-2017,2015-01-01,24.3,"per 100,000 adults",2015,Cardiovascular hospitalizations due to PM2.5 (age 40+),Hunts Point - Mott Haven,
628594,651,Cardiovascular hospitalizations due to PM2.5 (age 40+),Estimated annual rate,UHF42,207.0,East Flatbush - Flatbush,2015-2017,2015-01-01,18.3,"per 100,000 adults",2015,Cardiovascular hospitalizations due to PM2.5 (age 40+),East Flatbush - Flatbush,
130944,651,Cardiovascular hospitalizations due to PM2.5 (age 40+),Estimated annual rate,UHF42,207.0,East Flatbush - Flatbush,2005-2007,2005-01-01,24.0,"per 100,000 adults",2005,Cardiovascular hospitalizations due to PM2.5 (age 40+),East Flatbush - Flatbush,
130955,651,Cardiovascular hospitalizations due to PM2.5 (age 40+),Estimated annual rate,UHF42,307.0,Gramercy Park - Murray Hill,2005-2007,2005-01-01,17.1,"per 100,000 adults",2005,Cardiovascular hospitalizations due to PM2.5 (age 40+),Gramercy Park - Murray Hill,
130977,651,Cardiovascular hospitalizations due to PM2.5 (age 40+),Estimated annual rate,Borough,4.0,Queens,2005-2007,2005-01-01,21.8,"per 100,000 adults",2005,Cardiovascular hospitalizations due to PM2.5 (age 40+),Queens,
827484,651,Cardiovascular hospitalizations due to PM2.5 (age 40+),Estimated annual rate,Borough,4.0,Queens,2017-2019,2017-01-01,8.0,"per 100,000 adults",2017,Cardiovascular hospitalizations due to PM2.5 (age 40+),Queens,
827511,651,Cardiovascular hospitalizations due to PM2.5 (age 40+),Estimated annual rate,UHF42,308.0,Greenwich Village - SoHo,2017-2019,2017-01-01,5.0,"per 100,000 adults",2017,Cardiovascular hospitalizations due to PM2.5 (age 40+),Greenwich Village - SoHo,
130965,651,Cardiovascular hospitalizations due to PM2.5 (age 40+),Estimated annual rate,UHF42,407.0,Southwest Queens,2005-2007,2005-01-01,25.6,"per 100,000 adults",2005,Cardiovascular hospitalizations due to PM2.5 (age 40+),Southwest Queens,
827499,651,Cardiovascular hospitalizations due to PM2.5 (age 40+),Estimated annual rate,UHF42,207.0,East Flatbush - Flatbush,2017-2019,2017-01-01,11.0,"per 100,000 adults",2017,Cardiovascular hospitalizations due to PM2.5 (age 40+),East Flatbush - Flatbush,
827510,651,Cardiovascular hospitalizations due to PM2.5 (age 40+),Estimated annual rate,UHF42,307.0,Gramercy Park - Murray Hill,2017-2019,2017-01-01,7.0,"per 100,000 adults",2017,Cardiovascular hospitalizations due to PM2.5 (age 40+),Gramercy Park - Murray Hill,
130966,651,Cardiovascular hospitalizations due to PM2.5 (age 40+),Estimated annual rate,UHF42,408.0,Jamaica,2005-2007,2005-01-01,24.4,"per 100,000 adults",2005,Cardiovascular hospitalizations due to PM2.5 (age 40+),Jamaica,
827521,651,Cardiovascular hospitalizations due to PM2.5 (age 40+),Estimated annual rate,UHF42,408.0,Jamaica,2017-2019,2017-01-01,9.0,"per 100,000 adults",2017,Cardiovascular hospitalizations due to PM2.5 (age 40+),Jamaica,
130937,651,Cardiovascular hospitalizations due to PM2.5 (age 40+),Estimated annual rate,UHF42,107.0,Hunts Point - Mott Haven,2005-2007,2005-01-01,36.8,"per 100,000 adults",2005,Cardiovascular hospitalizations due to PM2.5 (age 40+),Hunts Point - Mott Haven,
827520,651,Cardiovascular hospitalizations due to PM2.5 (age 40+),Estimated annual rate,UHF42,407.0,Southwest Queens,2017-2019,2017-01-01,10.0,"per 100,000 adults",2017,Cardiovascular hospitalizations due to PM2.5 (age 40+),Southwest Queens,
130974,651,Cardiovascular hospitalizations due to PM2.5 (age 40+),Estimated annual rate,Borough,1.0,Bronx,2005-2007,2005-01-01,31.3,"per 100,000 adults",2005,Cardiovascular hospitalizations due to PM2.5 (age 40+),Bronx,
130975,651,Cardiovascular hospitalizations due to PM2.5 (age 40+),Estimated annual rate,Borough,2.0,Brooklyn,2005-2007,2005-01-01,29.3,"per 100,000 adults",2005,Cardiovascular hospitalizations due to PM2.5 (age 40+),Brooklyn,
827481,651,Cardiovascular hospitalizations due to PM2.5 (age 40+),Estimated annual rate,Borough,1.0,Bronx,2017-2019,2017-01-01,12.0,"per 100,000 adults",2017,Cardiovascular hospitalizations due to PM2.5 (age 40+),Bronx,
130945,651,Cardiovascular hospitalizations due to PM2.5 (age 40+),Estimated annual rate,UHF42,208.0,Canarsie - Flatlands,2005-2007,2005-01-01,25.1,"per 100,000 adults",2005,Cardiovascular hospitalizations due to PM2.5 (age 40+),Canarsie - Flatlands,
827492,651,Cardiovascular hospitalizations due to PM2.5 (age 40+),Estimated annual rate,UHF42,107.0,Hunts Point - Mott Haven,2017-2019,2017-01-01,14.0,"per 100,000 adults",2017,Cardiovascular hospitalizations due to PM2.5 (age 40+),Hunts Point - Mott Haven,
827500,651,Cardiovascular hospitalizations due to PM2.5 (age 40+),Estimated annual rate,UHF42,208.0,Canarsie - Flatlands,2017-2019,2017-01-01,11.0,"per 100,000 adults",2017,Cardiovascular hospitalizations due to PM2.5 (age 40+),Canarsie - Flatlands,
130956,651,Cardiovascular hospitalizations due to PM2.5 (age 40+),Estimated annual rate,UHF42,308.0,Greenwich Village - SoHo,2005-2007,2005-01-01,13.4,"per 100,000 adults",2005,Cardiovascular hospitalizations due to PM2.5 (age 40+),Greenwich Village - SoHo,
827482,651,Cardiovascular hospitalizations due to PM2.5 (age 40+),Estimated annual rate,Borough,2.0,Brooklyn,2017-2019,2017-01-01,11.0,"per 100,000 adults",2017,Cardiovascular hospitalizations due to PM2.5 (age 40+),Brooklyn,
131465,651,Cardiovascular hospitalizations due to PM2.5 (age 40+),Estimated annual rate,UHF42,107.0,Hunts Point - Mott Haven,2009-2011,2009-01-01,25.0,"per 100,000 adults",2009,Cardiovascular hospitalizations due to PM2.5 (age 40+),Hunts Point - Mott Haven,
131473,651,Cardiovascular hospitalizations due to PM2.5 (age 40+),Estimated annual rate,UHF42,208.0,Canarsie - Flatlands,2009-2011,2009-01-01,18.3,"per 100,000 adults",2009,Cardiovascular hospitalizations due to PM2.5 (age 40+),Canarsie - Flatlands,
131484,651,Cardiovascular hospitalizations due to PM2.5 (age 40+),Estimated annual rate,UHF42,308.0,Greenwich Village - SoHo,2009-2011,2009-01-01,9.6,"per 100,000 adults",2009,Cardiovascular hospitalizations due to PM2.5 (age 40+),Greenwich Village - SoHo,
131493,651,Cardiovascular hospitalizations due to PM2.5 (age 40+),Estimated annual rate,UHF42,407.0,Southwest Queens,2009-2011,2009-01-01,19.9,"per 100,000 adults",2009,Cardiovascular hospitalizations due to PM2.5 (age 40+),Southwest Queens,
131494,651,Cardiovascular hospitalizations due to PM2.5 (age 40+),Estimated annual rate,UHF42,408.0,Jamaica,2009-2011,2009-01-01,18.9,"per 100,000 adults",2009,Cardiovascular hospitalizations due to PM2.5 (age 40+),Jamaica,
131471,651,Cardiovascular hospitalizations due to PM2.5 (age 40+),Estimated annual rate,UHF42,206.0,Borough Park,2009-2011,2009-01-01,19.9,"per 100,000 adults",2009,Cardiovascular hospitalizations due to PM2.5 (age 40+),Borough Park,
131459,651,Cardiovascular hospitalizations due to PM2.5 (age 40+),Estimated annual rate,UHF42,101.0,Kingsbridge - Riverdale,2009-2011,2009-01-01,18.3,"per 100,000 adults",2009,Cardiovascular hospitalizations due to PM2.5 (age 40+),Kingsbridge - Riverdale,
131497,651,Cardiovascular hospitalizations due to PM2.5 (age 40+),Estimated annual rate,UHF42,501.0,Port Richmond,2009-2011,2009-01-01,16.4,"per 100,000 adults",2009,Cardiovascular hospitalizations due to PM2.5 (age 40+),Port Richmond,
131476,651,Cardiovascular hospitalizations due to PM2.5 (age 40+),Estimated annual rate,UHF42,211.0,Williamsburg - Bushwick,2009-2011,2009-01-01,26.9,"per 100,000 adults",2009,Cardiovascular hospitalizations due to PM2.5 (age 40+),Williamsburg - Bushwick,
131500,651,Cardiovascular hospitalizations due to PM2.5 (age 40+),Estimated annual rate,UHF42,504.0,South Beach - Tottenville,2009-2011,2009-01-01,15.2,"per 100,000 adults",2009,Cardiovascular hospitalizations due to PM2.5 (age 40+),South Beach - Tottenville,
131496,651,Cardiovascular hospitalizations due to PM2.5 (age 40+),Estimated annual rate,UHF42,410.0,Rockaways,2009-2011,2009-01-01,19.8,"per 100,000 adults",2009,Cardiovascular hospitalizations due to PM2.5 (age 40+),Rockaways,
131504,651,Cardiovascular hospitalizations due to PM2.5 (age 40+),Estimated annual rate,Borough,3.0,Manhattan,2009-2011,2009-01-01,15.0,"per 100,000 adults",2009,Cardiovascular hospitalizations due to PM2.5 (age 40+),Manhattan,
130973,651,Cardiovascular hospitalizations due to PM2.5 (age 40+),Estimated annual rate,Citywide,1.0,New York City,2005-2007,2005-01-01,25.7,"per 100,000 adults",2005,Cardiovascular hospitalizations due to PM2.5 (age 40+),New York City,
827528,651,Cardiovascular hospitalizations due to PM2.5 (age 40+),Estimated annual rate,Citywide,1.0,New York City,2017-2019,2017-01-01,10.0,"per 100,000 adults",2017,Cardiovascular hospitalizations due to PM2.5 (age 40+),New York City,
131501,651,Cardiovascular hospitalizations due to PM2.5 (age 40+),Estimated annual rate,Citywide,1.0,New York City,2009-2011,2009-01-01,17.8,"per 100,000 adults",2009,Cardiovascular hospitalizations due to PM2.5 (age 40+),New York City,
518882,651,Cardiovascular hospitalizations due to PM2.5 (age 40+),Estimated annual rate,Citywide,1.0,New York City,2012-2014,2012-01-02,13.2,"per 100,000 adults",2012,Cardiovascular hospitalizations due to PM2.5 (age 40+),New York City,
628623,651,Cardiovascular hospitalizations due to PM2.5 (age 40+),Estimated annual rate,Citywide,1.0,New York City,2015-2017,2015-01-01,17.0,"per 100,000 adults",2015,Cardiovascular hospitalizations due to PM2.5 (age 40+),New York City,
131487,651,Cardiovascular hospitalizations due to PM2.5 (age 40+),Estimated annual rate,UHF42,401.0,Long Island City - Astoria,2009-2011,2009-01-01,15.6,"per 100,000 adults",2009,Cardiovascular hospitalizations due to PM2.5 (age 40+),Long Island City - Astoria,
131470,651,Cardiovascular hospitalizations due to PM2.5 (age 40+),Estimated annual rate,UHF42,205.0,Sunset Park,2009-2011,2009-01-01,17.1,"per 100,000 adults",2009,Cardiovascular hospitalizations due to PM2.5 (age 40+),Sunset Park,
131499,651,Cardiovascular hospitalizations due to PM2.5 (age 40+),Estimated annual rate,UHF42,503.0,Willowbrook,2009-2011,2009-01-01,17.8,"per 100,000 adults",2009,Cardiovascular hospitalizations due to PM2.5 (age 40+),Willowbrook,
131461,651,Cardiovascular hospitalizations due to PM2.5 (age 40+),Estimated annual rate,UHF42,103.0,Fordham - Bronx Pk,2009-2011,2009-01-01,18.8,"per 100,000 adults",2009,Cardiovascular hospitalizations due to PM2.5 (age 40+),Fordham - Bronx Pk,
131462,651,Cardiovascular hospitalizations due to PM2.5 (age 40+),Estimated annual rate,UHF42,104.0,Pelham - Throgs Neck,2009-2011,2009-01-01,19.3,"per 100,000 adults",2009,Cardiovascular hospitalizations due to PM2.5 (age 40+),Pelham - Throgs Neck,
131492,651,Cardiovascular hospitalizations due to PM2.5 (age 40+),Estimated annual rate,UHF42,406.0,Fresh Meadows,2009-2011,2009-01-01,14.9,"per 100,000 adults",2009,Cardiovascular hospitalizations due to PM2.5 (age 40+),Fresh Meadows,
131505,651,Cardiovascular hospitalizations due to PM2.5 (age 40+),Estimated annual rate,Borough,4.0,Queens,2009-2011,2009-01-01,15.8,"per 100,000 adults",2009,Cardiovascular hospitalizations due to PM2.5 (age 40+),Queens,
131498,651,Cardiovascular hospitalizations due to PM2.5 (age 40+),Estimated annual rate,UHF42,502.0,Stapleton - St. George,2009-2011,2009-01-01,16.9,"per 100,000 adults",2009,Cardiovascular hospitalizations due to PM2.5 (age 40+),Stapleton - St. George,
131488,651,Cardiovascular hospitalizations due to PM2.5 (age 40+),Estimated annual rate,UHF42,402.0,West Queens,2009-2011,2009-01-01,13.2,"per 100,000 adults",2009,Cardiovascular hospitalizations due to PM2.5 (age 40+),West Queens,
131483,651,Cardiovascular hospitalizations due to PM2.5 (age 40+),Estimated annual rate,UHF42,307.0,Gramercy Park - Murray Hill,2009-2011,2009-01-01,12.9,"per 100,000 adults",2009,Cardiovascular hospitalizations due to PM2.5 (age 40+),Gramercy Park - Murray Hill,
131502,651,Cardiovascular hospitalizations due to PM2.5 (age 40+),Estimated annual rate,Borough,1.0,Bronx,2009-2011,2009-01-01,18.8,"per 100,000 adults",2009,Cardiovascular hospitalizations due to PM2.5 (age 40+),Bronx,
131472,651,Cardiovascular hospitalizations due to PM2.5 (age 40+),Estimated annual rate,UHF42,207.0,East Flatbush - Flatbush,2009-2011,2009-01-01,18.5,"per 100,000 adults",2009,Cardiovascular hospitalizations due to PM2.5 (age 40+),East Flatbush - Flatbush,
131503,651,Cardiovascular hospitalizations due to PM2.5 (age 40+),Estimated annual rate,Borough,2.0,Brooklyn,2009-2011,2009-01-01,20.6,"per 100,000 adults",2009,Cardiovascular hospitalizations due to PM2.5 (age 40+),Brooklyn,
